sp_id,name,x_rd,y_rd,capacity
753,753,75319.0,28665.0,100
3343,3343,36589.0,60425.0,100
1934,1934,48959.0,42794.0,100
5820,5820,98158.0,61912.0,100
4356,4356,13591.0,30750.0,100
1739,1739,34610.0,41049.0,100
7859,7859,70101.0,64002.0,100
2155,2155,88897.0,44412.0,100
5706,5706,21384.0,61315.0,100
3513,3513,30029.0,62343.0,100
4431,4431,66641.0,48763.0,100
1204,1204,98488.0,36059.0,100
718,718,88859.0,27856.0,100
657,657,130503.0,26682.0,100
4387,4387,55134.0,39885.0,100
2075,2075,15688.0,43812.0,100
931,931,92296.0,31377.0,100
417,417,92729.0,20245.0,100
284,284,96849.0,8765.0,100
6765,6765,31727.0,7123.0,100
3921,3921,55859.0,76557.0,100
7229,7229,77346.0,46242.0,100
4354,4354,16694.0,48418.0,100
8282,8282,35103.0,48521.0,100
2096,2096,101802.0,43913.0,100
1176,1176,89379.0,35705.0,100
7422,7422,11011.0,52533.0,100
4987,4987,67529.0,44080.0,100
5499,5499,51393.0,53765.0,100
1258,1258,40638.0,36647.0,100
4440,4440,44786.0,44728.0,100
3155,3155,55249.0,58005.0,100
1026,1026,56978.0,33310.0,100
6908,6908,15641.0,62479.0,100
1379,1379,16515.0,38001.0,100
new_potential_sp_0035,Sparse Area Point 0035,9011.0,5123.0,100
new_potential_sp_0036,Sparse Area Point 0036,9011.0,8987.947368421053,100
new_potential_sp_0037,Sparse Area Point 0037,9011.0,12852.894736842105,100
new_potential_sp_0038,Sparse Area Point 0038,9011.0,16717.842105263157,100
new_potential_sp_0039,Sparse Area Point 0039,9011.0,20582.78947368421,100
new_potential_sp_0040,Sparse Area Point 0040,9011.0,24447.736842105263,100
new_potential_sp_0041,Sparse Area Point 0041,9011.0,28312.684210526313,100
new_potential_sp_0042,Sparse Area Point 0042,9011.0,32177.631578947367,100
new_potential_sp_0043,Sparse Area Point 0043,9011.0,36042.57894736842,100
new_potential_sp_0044,Sparse Area Point 0044,9011.0,39907.52631578947,100
new_potential_sp_0045,Sparse Area Point 0045,9011.0,43772.47368421053,100
new_potential_sp_0046,Sparse Area Point 0046,9011.0,47637.42105263158,100
new_potential_sp_0047,Sparse Area Point 0047,9011.0,51502.368421052626,100
new_potential_sp_0048,Sparse Area Point 0048,9011.0,55367.31578947368,100
new_potential_sp_0049,Sparse Area Point 0049,9011.0,59232.26315789473,100
new_potential_sp_0050,Sparse Area Point 0050,9011.0,63097.21052631579,100
new_potential_sp_0051,Sparse Area Point 0051,9011.0,66962.15789473684,100
new_potential_sp_0052,Sparse Area Point 0052,9011.0,70827.1052631579,100
new_potential_sp_0053,Sparse Area Point 0053,9011.0,74692.05263157895,100
new_potential_sp_0054,Sparse Area Point 0054,9011.0,78557.0,100
new_potential_sp_0055,Sparse Area Point 0055,15510.57894736842,5123.0,100
new_potential_sp_0056,Sparse Area Point 0056,15510.57894736842,8987.947368421053,100
new_potential_sp_0057,Sparse Area Point 0057,15510.57894736842,12852.894736842105,100
new_potential_sp_0058,Sparse Area Point 0058,15510.57894736842,16717.842105263157,100
new_potential_sp_0059,Sparse Area Point 0059,15510.57894736842,20582.78947368421,100
new_potential_sp_0060,Sparse Area Point 0060,15510.57894736842,24447.736842105263,100
new_potential_sp_0061,Sparse Area Point 0061,15510.57894736842,28312.684210526313,100
new_potential_sp_0062,Sparse Area Point 0062,15510.57894736842,32177.631578947367,100
new_potential_sp_0063,Sparse Area Point 0063,15510.57894736842,36042.57894736842,100
new_potential_sp_0064,Sparse Area Point 0064,15510.57894736842,39907.52631578947,100
new_potential_sp_0065,Sparse Area Point 0065,15510.57894736842,51502.368421052626,100
new_potential_sp_0066,Sparse Area Point 0066,15510.57894736842,55367.31578947368,100
new_potential_sp_0067,Sparse Area Point 0067,15510.57894736842,59232.26315789473,100
new_potential_sp_0068,Sparse Area Point 0068,15510.57894736842,66962.15789473684,100
new_potential_sp_0069,Sparse Area Point 0069,15510.57894736842,70827.1052631579,100
new_potential_sp_0070,Sparse Area Point 0070,15510.57894736842,74692.05263157895,100
new_potential_sp_0071,Sparse Area Point 0071,15510.57894736842,78557.0,100
new_potential_sp_0072,Sparse Area Point 0072,22010.15789473684,5123.0,100
new_potential_sp_0073,Sparse Area Point 0073,22010.15789473684,8987.947368421053,100
new_potential_sp_0074,Sparse Area Point 0074,22010.15789473684,12852.894736842105,100
new_potential_sp_0075,Sparse Area Point 0075,22010.15789473684,16717.842105263157,100
new_potential_sp_0076,Sparse Area Point 0076,22010.15789473684,20582.78947368421,100
new_potential_sp_0077,Sparse Area Point 0077,22010.15789473684,24447.736842105263,100
new_potential_sp_0078,Sparse Area Point 0078,22010.15789473684,28312.684210526313,100
new_potential_sp_0079,Sparse Area Point 0079,22010.15789473684,32177.631578947367,100
new_potential_sp_0080,Sparse Area Point 0080,22010.15789473684,36042.57894736842,100
new_potential_sp_0081,Sparse Area Point 0081,22010.15789473684,39907.52631578947,100
new_potential_sp_0082,Sparse Area Point 0082,22010.15789473684,43772.47368421053,100
new_potential_sp_0083,Sparse Area Point 0083,22010.15789473684,47637.42105263158,100
new_potential_sp_0084,Sparse Area Point 0084,22010.15789473684,51502.368421052626,100
new_potential_sp_0085,Sparse Area Point 0085,22010.15789473684,55367.31578947368,100
new_potential_sp_0086,Sparse Area Point 0086,22010.15789473684,59232.26315789473,100
new_potential_sp_0087,Sparse Area Point 0087,22010.15789473684,66962.15789473684,100
new_potential_sp_0088,Sparse Area Point 0088,22010.15789473684,70827.1052631579,100
new_potential_sp_0089,Sparse Area Point 0089,22010.15789473684,74692.05263157895,100
new_potential_sp_0090,Sparse Area Point 0090,22010.15789473684,78557.0,100
new_potential_sp_0091,Sparse Area Point 0091,28509.736842105263,5123.0,100
new_potential_sp_0092,Sparse Area Point 0092,28509.736842105263,8987.947368421053,100
new_potential_sp_0093,Sparse Area Point 0093,28509.736842105263,12852.894736842105,100
new_potential_sp_0094,Sparse Area Point 0094,28509.736842105263,16717.842105263157,100
new_potential_sp_0095,Sparse Area Point 0095,28509.736842105263,20582.78947368421,100
new_potential_sp_0096,Sparse Area Point 0096,28509.736842105263,24447.736842105263,100
new_potential_sp_0097,Sparse Area Point 0097,28509.736842105263,28312.684210526313,100
new_potential_sp_0098,Sparse Area Point 0098,28509.736842105263,32177.631578947367,100
new_potential_sp_0099,Sparse Area Point 0099,28509.736842105263,36042.57894736842,100
new_potential_sp_0100,Sparse Area Point 0100,28509.736842105263,39907.52631578947,100
new_potential_sp_0101,Sparse Area Point 0101,28509.736842105263,43772.47368421053,100
new_potential_sp_0102,Sparse Area Point 0102,28509.736842105263,47637.42105263158,100
new_potential_sp_0103,Sparse Area Point 0103,28509.736842105263,51502.368421052626,100
new_potential_sp_0104,Sparse Area Point 0104,28509.736842105263,55367.31578947368,100
new_potential_sp_0105,Sparse Area Point 0105,28509.736842105263,59232.26315789473,100
new_potential_sp_0106,Sparse Area Point 0106,28509.736842105263,66962.15789473684,100
new_potential_sp_0107,Sparse Area Point 0107,28509.736842105263,70827.1052631579,100
new_potential_sp_0108,Sparse Area Point 0108,28509.736842105263,74692.05263157895,100
new_potential_sp_0109,Sparse Area Point 0109,28509.736842105263,78557.0,100
new_potential_sp_0110,Sparse Area Point 0110,35009.31578947368,5123.0,100
new_potential_sp_0111,Sparse Area Point 0111,35009.31578947368,8987.947368421053,100
new_potential_sp_0112,Sparse Area Point 0112,35009.31578947368,12852.894736842105,100
new_potential_sp_0113,Sparse Area Point 0113,35009.31578947368,16717.842105263157,100
new_potential_sp_0114,Sparse Area Point 0114,35009.31578947368,20582.78947368421,100
new_potential_sp_0115,Sparse Area Point 0115,35009.31578947368,24447.736842105263,100
new_potential_sp_0116,Sparse Area Point 0116,35009.31578947368,28312.684210526313,100
new_potential_sp_0117,Sparse Area Point 0117,35009.31578947368,32177.631578947367,100
new_potential_sp_0118,Sparse Area Point 0118,35009.31578947368,36042.57894736842,100
new_potential_sp_0119,Sparse Area Point 0119,35009.31578947368,43772.47368421053,100
new_potential_sp_0120,Sparse Area Point 0120,35009.31578947368,51502.368421052626,100
new_potential_sp_0121,Sparse Area Point 0121,35009.31578947368,55367.31578947368,100
new_potential_sp_0122,Sparse Area Point 0122,35009.31578947368,63097.21052631579,100
new_potential_sp_0123,Sparse Area Point 0123,35009.31578947368,66962.15789473684,100
new_potential_sp_0124,Sparse Area Point 0124,35009.31578947368,70827.1052631579,100
new_potential_sp_0125,Sparse Area Point 0125,35009.31578947368,74692.05263157895,100
new_potential_sp_0126,Sparse Area Point 0126,35009.31578947368,78557.0,100
new_potential_sp_0127,Sparse Area Point 0127,41508.89473684211,5123.0,100
new_potential_sp_0128,Sparse Area Point 0128,41508.89473684211,8987.947368421053,100
new_potential_sp_0129,Sparse Area Point 0129,41508.89473684211,12852.894736842105,100
new_potential_sp_0130,Sparse Area Point 0130,41508.89473684211,16717.842105263157,100
new_potential_sp_0131,Sparse Area Point 0131,41508.89473684211,20582.78947368421,100
new_potential_sp_0132,Sparse Area Point 0132,41508.89473684211,24447.736842105263,100
new_potential_sp_0133,Sparse Area Point 0133,41508.89473684211,28312.684210526313,100
new_potential_sp_0134,Sparse Area Point 0134,41508.89473684211,32177.631578947367,100
new_potential_sp_0135,Sparse Area Point 0135,41508.89473684211,39907.52631578947,100
new_potential_sp_0136,Sparse Area Point 0136,41508.89473684211,43772.47368421053,100
new_potential_sp_0137,Sparse Area Point 0137,41508.89473684211,47637.42105263158,100
new_potential_sp_0138,Sparse Area Point 0138,41508.89473684211,51502.368421052626,100
new_potential_sp_0139,Sparse Area Point 0139,41508.89473684211,55367.31578947368,100
new_potential_sp_0140,Sparse Area Point 0140,41508.89473684211,59232.26315789473,100
new_potential_sp_0141,Sparse Area Point 0141,41508.89473684211,63097.21052631579,100
new_potential_sp_0142,Sparse Area Point 0142,41508.89473684211,66962.15789473684,100
new_potential_sp_0143,Sparse Area Point 0143,41508.89473684211,70827.1052631579,100
new_potential_sp_0144,Sparse Area Point 0144,41508.89473684211,74692.05263157895,100
new_potential_sp_0145,Sparse Area Point 0145,41508.89473684211,78557.0,100
new_potential_sp_0146,Sparse Area Point 0146,48008.47368421053,5123.0,100
new_potential_sp_0147,Sparse Area Point 0147,48008.47368421053,8987.947368421053,100
new_potential_sp_0148,Sparse Area Point 0148,48008.47368421053,12852.894736842105,100
new_potential_sp_0149,Sparse Area Point 0149,48008.47368421053,16717.842105263157,100
new_potential_sp_0150,Sparse Area Point 0150,48008.47368421053,20582.78947368421,100
new_potential_sp_0151,Sparse Area Point 0151,48008.47368421053,24447.736842105263,100
new_potential_sp_0152,Sparse Area Point 0152,48008.47368421053,28312.684210526313,100
new_potential_sp_0153,Sparse Area Point 0153,48008.47368421053,32177.631578947367,100
new_potential_sp_0154,Sparse Area Point 0154,48008.47368421053,36042.57894736842,100
new_potential_sp_0155,Sparse Area Point 0155,48008.47368421053,39907.52631578947,100
new_potential_sp_0156,Sparse Area Point 0156,48008.47368421053,47637.42105263158,100
new_potential_sp_0157,Sparse Area Point 0157,48008.47368421053,51502.368421052626,100
new_potential_sp_0158,Sparse Area Point 0158,48008.47368421053,55367.31578947368,100
new_potential_sp_0159,Sparse Area Point 0159,48008.47368421053,59232.26315789473,100
new_potential_sp_0160,Sparse Area Point 0160,48008.47368421053,63097.21052631579,100
new_potential_sp_0161,Sparse Area Point 0161,48008.47368421053,66962.15789473684,100
new_potential_sp_0162,Sparse Area Point 0162,48008.47368421053,70827.1052631579,100
new_potential_sp_0163,Sparse Area Point 0163,48008.47368421053,74692.05263157895,100
new_potential_sp_0164,Sparse Area Point 0164,48008.47368421053,78557.0,100
new_potential_sp_0165,Sparse Area Point 0165,54508.05263157895,5123.0,100
new_potential_sp_0166,Sparse Area Point 0166,54508.05263157895,8987.947368421053,100
new_potential_sp_0167,Sparse Area Point 0167,54508.05263157895,12852.894736842105,100
new_potential_sp_0168,Sparse Area Point 0168,54508.05263157895,16717.842105263157,100
new_potential_sp_0169,Sparse Area Point 0169,54508.05263157895,20582.78947368421,100
new_potential_sp_0170,Sparse Area Point 0170,54508.05263157895,24447.736842105263,100
new_potential_sp_0171,Sparse Area Point 0171,54508.05263157895,28312.684210526313,100
new_potential_sp_0172,Sparse Area Point 0172,54508.05263157895,32177.631578947367,100
new_potential_sp_0173,Sparse Area Point 0173,54508.05263157895,36042.57894736842,100
new_potential_sp_0174,Sparse Area Point 0174,54508.05263157895,43772.47368421053,100
new_potential_sp_0175,Sparse Area Point 0175,54508.05263157895,47637.42105263158,100
new_potential_sp_0176,Sparse Area Point 0176,54508.05263157895,51502.368421052626,100
new_potential_sp_0177,Sparse Area Point 0177,54508.05263157895,55367.31578947368,100
new_potential_sp_0178,Sparse Area Point 0178,54508.05263157895,63097.21052631579,100
new_potential_sp_0179,Sparse Area Point 0179,54508.05263157895,66962.15789473684,100
new_potential_sp_0180,Sparse Area Point 0180,54508.05263157895,70827.1052631579,100
new_potential_sp_0181,Sparse Area Point 0181,54508.05263157895,74692.05263157895,100
new_potential_sp_0182,Sparse Area Point 0182,54508.05263157895,78557.0,100
new_potential_sp_0183,Sparse Area Point 0183,61007.63157894737,5123.0,100
new_potential_sp_0184,Sparse Area Point 0184,61007.63157894737,8987.947368421053,100
new_potential_sp_0185,Sparse Area Point 0185,61007.63157894737,12852.894736842105,100
new_potential_sp_0186,Sparse Area Point 0186,61007.63157894737,16717.842105263157,100
new_potential_sp_0187,Sparse Area Point 0187,61007.63157894737,20582.78947368421,100
new_potential_sp_0188,Sparse Area Point 0188,61007.63157894737,24447.736842105263,100
new_potential_sp_0189,Sparse Area Point 0189,61007.63157894737,28312.684210526313,100
new_potential_sp_0190,Sparse Area Point 0190,61007.63157894737,32177.631578947367,100
new_potential_sp_0191,Sparse Area Point 0191,61007.63157894737,36042.57894736842,100
new_potential_sp_0192,Sparse Area Point 0192,61007.63157894737,39907.52631578947,100
new_potential_sp_0193,Sparse Area Point 0193,61007.63157894737,43772.47368421053,100
new_potential_sp_0194,Sparse Area Point 0194,61007.63157894737,47637.42105263158,100
new_potential_sp_0195,Sparse Area Point 0195,61007.63157894737,51502.368421052626,100
new_potential_sp_0196,Sparse Area Point 0196,61007.63157894737,55367.31578947368,100
new_potential_sp_0197,Sparse Area Point 0197,61007.63157894737,59232.26315789473,100
new_potential_sp_0198,Sparse Area Point 0198,61007.63157894737,63097.21052631579,100
new_potential_sp_0199,Sparse Area Point 0199,61007.63157894737,66962.15789473684,100
new_potential_sp_0200,Sparse Area Point 0200,61007.63157894737,70827.1052631579,100
new_potential_sp_0201,Sparse Area Point 0201,61007.63157894737,74692.05263157895,100
new_potential_sp_0202,Sparse Area Point 0202,61007.63157894737,78557.0,100
new_potential_sp_0203,Sparse Area Point 0203,67507.21052631579,5123.0,100
new_potential_sp_0204,Sparse Area Point 0204,67507.21052631579,8987.947368421053,100
new_potential_sp_0205,Sparse Area Point 0205,67507.21052631579,12852.894736842105,100
new_potential_sp_0206,Sparse Area Point 0206,67507.21052631579,16717.842105263157,100
new_potential_sp_0207,Sparse Area Point 0207,67507.21052631579,20582.78947368421,100
new_potential_sp_0208,Sparse Area Point 0208,67507.21052631579,24447.736842105263,100
new_potential_sp_0209,Sparse Area Point 0209,67507.21052631579,28312.684210526313,100
new_potential_sp_0210,Sparse Area Point 0210,67507.21052631579,32177.631578947367,100
new_potential_sp_0211,Sparse Area Point 0211,67507.21052631579,36042.57894736842,100
new_potential_sp_0212,Sparse Area Point 0212,67507.21052631579,39907.52631578947,100
new_potential_sp_0213,Sparse Area Point 0213,67507.21052631579,51502.368421052626,100
new_potential_sp_0214,Sparse Area Point 0214,67507.21052631579,55367.31578947368,100
new_potential_sp_0215,Sparse Area Point 0215,67507.21052631579,59232.26315789473,100
new_potential_sp_0216,Sparse Area Point 0216,67507.21052631579,63097.21052631579,100
new_potential_sp_0217,Sparse Area Point 0217,67507.21052631579,66962.15789473684,100
new_potential_sp_0218,Sparse Area Point 0218,67507.21052631579,70827.1052631579,100
new_potential_sp_0219,Sparse Area Point 0219,67507.21052631579,74692.05263157895,100
new_potential_sp_0220,Sparse Area Point 0220,67507.21052631579,78557.0,100
new_potential_sp_0221,Sparse Area Point 0221,74006.78947368421,5123.0,100
new_potential_sp_0222,Sparse Area Point 0222,74006.78947368421,8987.947368421053,100
new_potential_sp_0223,Sparse Area Point 0223,74006.78947368421,12852.894736842105,100
new_potential_sp_0224,Sparse Area Point 0224,74006.78947368421,16717.842105263157,100
new_potential_sp_0225,Sparse Area Point 0225,74006.78947368421,20582.78947368421,100
new_potential_sp_0226,Sparse Area Point 0226,74006.78947368421,24447.736842105263,100
new_potential_sp_0227,Sparse Area Point 0227,74006.78947368421,32177.631578947367,100
new_potential_sp_0228,Sparse Area Point 0228,74006.78947368421,36042.57894736842,100
new_potential_sp_0229,Sparse Area Point 0229,74006.78947368421,39907.52631578947,100
new_potential_sp_0230,Sparse Area Point 0230,74006.78947368421,43772.47368421053,100
new_potential_sp_0231,Sparse Area Point 0231,74006.78947368421,47637.42105263158,100
new_potential_sp_0232,Sparse Area Point 0232,74006.78947368421,51502.368421052626,100
new_potential_sp_0233,Sparse Area Point 0233,74006.78947368421,55367.31578947368,100
new_potential_sp_0234,Sparse Area Point 0234,74006.78947368421,59232.26315789473,100
new_potential_sp_0235,Sparse Area Point 0235,74006.78947368421,63097.21052631579,100
new_potential_sp_0236,Sparse Area Point 0236,74006.78947368421,66962.15789473684,100
new_potential_sp_0237,Sparse Area Point 0237,74006.78947368421,70827.1052631579,100
new_potential_sp_0238,Sparse Area Point 0238,74006.78947368421,74692.05263157895,100
new_potential_sp_0239,Sparse Area Point 0239,74006.78947368421,78557.0,100
new_potential_sp_0240,Sparse Area Point 0240,80506.36842105263,5123.0,100
new_potential_sp_0241,Sparse Area Point 0241,80506.36842105263,8987.947368421053,100
new_potential_sp_0242,Sparse Area Point 0242,80506.36842105263,12852.894736842105,100
new_potential_sp_0243,Sparse Area Point 0243,80506.36842105263,16717.842105263157,100
new_potential_sp_0244,Sparse Area Point 0244,80506.36842105263,20582.78947368421,100
new_potential_sp_0245,Sparse Area Point 0245,80506.36842105263,24447.736842105263,100
new_potential_sp_0246,Sparse Area Point 0246,80506.36842105263,28312.684210526313,100
new_potential_sp_0247,Sparse Area Point 0247,80506.36842105263,32177.631578947367,100
new_potential_sp_0248,Sparse Area Point 0248,80506.36842105263,36042.57894736842,100
new_potential_sp_0249,Sparse Area Point 0249,80506.36842105263,39907.52631578947,100
new_potential_sp_0250,Sparse Area Point 0250,80506.36842105263,43772.47368421053,100
new_potential_sp_0251,Sparse Area Point 0251,80506.36842105263,47637.42105263158,100
new_potential_sp_0252,Sparse Area Point 0252,80506.36842105263,51502.368421052626,100
new_potential_sp_0253,Sparse Area Point 0253,80506.36842105263,55367.31578947368,100
new_potential_sp_0254,Sparse Area Point 0254,80506.36842105263,59232.26315789473,100
new_potential_sp_0255,Sparse Area Point 0255,80506.36842105263,63097.21052631579,100
new_potential_sp_0256,Sparse Area Point 0256,80506.36842105263,66962.15789473684,100
new_potential_sp_0257,Sparse Area Point 0257,80506.36842105263,70827.1052631579,100
new_potential_sp_0258,Sparse Area Point 0258,80506.36842105263,74692.05263157895,100
new_potential_sp_0259,Sparse Area Point 0259,80506.36842105263,78557.0,100
new_potential_sp_0260,Sparse Area Point 0260,87005.94736842105,5123.0,100
new_potential_sp_0261,Sparse Area Point 0261,87005.94736842105,8987.947368421053,100
new_potential_sp_0262,Sparse Area Point 0262,87005.94736842105,12852.894736842105,100
new_potential_sp_0263,Sparse Area Point 0263,87005.94736842105,16717.842105263157,100
new_potential_sp_0264,Sparse Area Point 0264,87005.94736842105,20582.78947368421,100
new_potential_sp_0265,Sparse Area Point 0265,87005.94736842105,24447.736842105263,100
new_potential_sp_0266,Sparse Area Point 0266,87005.94736842105,32177.631578947367,100
new_potential_sp_0267,Sparse Area Point 0267,87005.94736842105,36042.57894736842,100
new_potential_sp_0268,Sparse Area Point 0268,87005.94736842105,39907.52631578947,100
new_potential_sp_0269,Sparse Area Point 0269,87005.94736842105,47637.42105263158,100
new_potential_sp_0270,Sparse Area Point 0270,87005.94736842105,51502.368421052626,100
new_potential_sp_0271,Sparse Area Point 0271,87005.94736842105,55367.31578947368,100
new_potential_sp_0272,Sparse Area Point 0272,87005.94736842105,59232.26315789473,100
new_potential_sp_0273,Sparse Area Point 0273,87005.94736842105,63097.21052631579,100
new_potential_sp_0274,Sparse Area Point 0274,87005.94736842105,66962.15789473684,100
new_potential_sp_0275,Sparse Area Point 0275,87005.94736842105,70827.1052631579,100
new_potential_sp_0276,Sparse Area Point 0276,87005.94736842105,74692.05263157895,100
new_potential_sp_0277,Sparse Area Point 0277,87005.94736842105,78557.0,100
new_potential_sp_0278,Sparse Area Point 0278,93505.52631578947,5123.0,100
new_potential_sp_0279,Sparse Area Point 0279,93505.52631578947,8987.947368421053,100
new_potential_sp_0280,Sparse Area Point 0280,93505.52631578947,12852.894736842105,100
new_potential_sp_0281,Sparse Area Point 0281,93505.52631578947,16717.842105263157,100
new_potential_sp_0282,Sparse Area Point 0282,93505.52631578947,24447.736842105263,100
new_potential_sp_0283,Sparse Area Point 0283,93505.52631578947,28312.684210526313,100
new_potential_sp_0284,Sparse Area Point 0284,93505.52631578947,36042.57894736842,100
new_potential_sp_0285,Sparse Area Point 0285,93505.52631578947,39907.52631578947,100
new_potential_sp_0286,Sparse Area Point 0286,93505.52631578947,43772.47368421053,100
new_potential_sp_0287,Sparse Area Point 0287,93505.52631578947,47637.42105263158,100
new_potential_sp_0288,Sparse Area Point 0288,93505.52631578947,51502.368421052626,100
new_potential_sp_0289,Sparse Area Point 0289,93505.52631578947,55367.31578947368,100
new_potential_sp_0290,Sparse Area Point 0290,93505.52631578947,59232.26315789473,100
new_potential_sp_0291,Sparse Area Point 0291,93505.52631578947,63097.21052631579,100
new_potential_sp_0292,Sparse Area Point 0292,93505.52631578947,66962.15789473684,100
new_potential_sp_0293,Sparse Area Point 0293,93505.52631578947,70827.1052631579,100
new_potential_sp_0294,Sparse Area Point 0294,93505.52631578947,74692.05263157895,100
new_potential_sp_0295,Sparse Area Point 0295,93505.52631578947,78557.0,100
new_potential_sp_0296,Sparse Area Point 0296,100005.1052631579,5123.0,100
new_potential_sp_0297,Sparse Area Point 0297,100005.1052631579,8987.947368421053,100
new_potential_sp_0298,Sparse Area Point 0298,100005.1052631579,12852.894736842105,100
new_potential_sp_0299,Sparse Area Point 0299,100005.1052631579,16717.842105263157,100
new_potential_sp_0300,Sparse Area Point 0300,100005.1052631579,20582.78947368421,100
new_potential_sp_0301,Sparse Area Point 0301,100005.1052631579,24447.736842105263,100
new_potential_sp_0302,Sparse Area Point 0302,100005.1052631579,28312.684210526313,100
new_potential_sp_0303,Sparse Area Point 0303,100005.1052631579,32177.631578947367,100
new_potential_sp_0304,Sparse Area Point 0304,100005.1052631579,39907.52631578947,100
new_potential_sp_0305,Sparse Area Point 0305,100005.1052631579,47637.42105263158,100
new_potential_sp_0306,Sparse Area Point 0306,100005.1052631579,51502.368421052626,100
new_potential_sp_0307,Sparse Area Point 0307,100005.1052631579,55367.31578947368,100
new_potential_sp_0308,Sparse Area Point 0308,100005.1052631579,59232.26315789473,100
new_potential_sp_0309,Sparse Area Point 0309,100005.1052631579,63097.21052631579,100
new_potential_sp_0310,Sparse Area Point 0310,100005.1052631579,66962.15789473684,100
new_potential_sp_0311,Sparse Area Point 0311,100005.1052631579,70827.1052631579,100
new_potential_sp_0312,Sparse Area Point 0312,100005.1052631579,74692.05263157895,100
new_potential_sp_0313,Sparse Area Point 0313,100005.1052631579,78557.0,100
new_potential_sp_0314,Sparse Area Point 0314,106504.6842105263,5123.0,100
new_potential_sp_0315,Sparse Area Point 0315,106504.6842105263,8987.947368421053,100
new_potential_sp_0316,Sparse Area Point 0316,106504.6842105263,12852.894736842105,100
new_potential_sp_0317,Sparse Area Point 0317,106504.6842105263,16717.842105263157,100
new_potential_sp_0318,Sparse Area Point 0318,106504.6842105263,20582.78947368421,100
new_potential_sp_0319,Sparse Area Point 0319,106504.6842105263,24447.736842105263,100
new_potential_sp_0320,Sparse Area Point 0320,106504.6842105263,28312.684210526313,100
new_potential_sp_0321,Sparse Area Point 0321,106504.6842105263,32177.631578947367,100
new_potential_sp_0322,Sparse Area Point 0322,106504.6842105263,36042.57894736842,100
new_potential_sp_0323,Sparse Area Point 0323,106504.6842105263,39907.52631578947,100
new_potential_sp_0324,Sparse Area Point 0324,106504.6842105263,43772.47368421053,100
new_potential_sp_0325,Sparse Area Point 0325,106504.6842105263,47637.42105263158,100
new_potential_sp_0326,Sparse Area Point 0326,106504.6842105263,51502.368421052626,100
new_potential_sp_0327,Sparse Area Point 0327,106504.6842105263,55367.31578947368,100
new_potential_sp_0328,Sparse Area Point 0328,106504.6842105263,59232.26315789473,100
new_potential_sp_0329,Sparse Area Point 0329,106504.6842105263,63097.21052631579,100
new_potential_sp_0330,Sparse Area Point 0330,106504.6842105263,66962.15789473684,100
new_potential_sp_0331,Sparse Area Point 0331,106504.6842105263,70827.1052631579,100
new_potential_sp_0332,Sparse Area Point 0332,106504.6842105263,74692.05263157895,100
new_potential_sp_0333,Sparse Area Point 0333,106504.6842105263,78557.0,100
new_potential_sp_0334,Sparse Area Point 0334,113004.26315789473,5123.0,100
new_potential_sp_0335,Sparse Area Point 0335,113004.26315789473,8987.947368421053,100
new_potential_sp_0336,Sparse Area Point 0336,113004.26315789473,12852.894736842105,100
new_potential_sp_0337,Sparse Area Point 0337,113004.26315789473,16717.842105263157,100
new_potential_sp_0338,Sparse Area Point 0338,113004.26315789473,20582.78947368421,100
new_potential_sp_0339,Sparse Area Point 0339,113004.26315789473,24447.736842105263,100
new_potential_sp_0340,Sparse Area Point 0340,113004.26315789473,28312.684210526313,100
new_potential_sp_0341,Sparse Area Point 0341,113004.26315789473,32177.631578947367,100
new_potential_sp_0342,Sparse Area Point 0342,113004.26315789473,36042.57894736842,100
new_potential_sp_0343,Sparse Area Point 0343,113004.26315789473,39907.52631578947,100
new_potential_sp_0344,Sparse Area Point 0344,113004.26315789473,43772.47368421053,100
new_potential_sp_0345,Sparse Area Point 0345,113004.26315789473,47637.42105263158,100
new_potential_sp_0346,Sparse Area Point 0346,113004.26315789473,51502.368421052626,100
new_potential_sp_0347,Sparse Area Point 0347,113004.26315789473,55367.31578947368,100
new_potential_sp_0348,Sparse Area Point 0348,113004.26315789473,59232.26315789473,100
new_potential_sp_0349,Sparse Area Point 0349,113004.26315789473,63097.21052631579,100
new_potential_sp_0350,Sparse Area Point 0350,113004.26315789473,66962.15789473684,100
new_potential_sp_0351,Sparse Area Point 0351,113004.26315789473,70827.1052631579,100
new_potential_sp_0352,Sparse Area Point 0352,113004.26315789473,74692.05263157895,100
new_potential_sp_0353,Sparse Area Point 0353,113004.26315789473,78557.0,100
new_potential_sp_0354,Sparse Area Point 0354,119503.84210526316,5123.0,100
new_potential_sp_0355,Sparse Area Point 0355,119503.84210526316,8987.947368421053,100
new_potential_sp_0356,Sparse Area Point 0356,119503.84210526316,12852.894736842105,100
new_potential_sp_0357,Sparse Area Point 0357,119503.84210526316,16717.842105263157,100
new_potential_sp_0358,Sparse Area Point 0358,119503.84210526316,20582.78947368421,100
new_potential_sp_0359,Sparse Area Point 0359,119503.84210526316,24447.736842105263,100
new_potential_sp_0360,Sparse Area Point 0360,119503.84210526316,28312.684210526313,100
new_potential_sp_0361,Sparse Area Point 0361,119503.84210526316,32177.631578947367,100
new_potential_sp_0362,Sparse Area Point 0362,119503.84210526316,36042.57894736842,100
new_potential_sp_0363,Sparse Area Point 0363,119503.84210526316,39907.52631578947,100
new_potential_sp_0364,Sparse Area Point 0364,119503.84210526316,43772.47368421053,100
new_potential_sp_0365,Sparse Area Point 0365,119503.84210526316,47637.42105263158,100
new_potential_sp_0366,Sparse Area Point 0366,119503.84210526316,51502.368421052626,100
new_potential_sp_0367,Sparse Area Point 0367,119503.84210526316,55367.31578947368,100
new_potential_sp_0368,Sparse Area Point 0368,119503.84210526316,59232.26315789473,100
new_potential_sp_0369,Sparse Area Point 0369,119503.84210526316,63097.21052631579,100
new_potential_sp_0370,Sparse Area Point 0370,119503.84210526316,66962.15789473684,100
new_potential_sp_0371,Sparse Area Point 0371,119503.84210526316,70827.1052631579,100
new_potential_sp_0372,Sparse Area Point 0372,119503.84210526316,74692.05263157895,100
new_potential_sp_0373,Sparse Area Point 0373,119503.84210526316,78557.0,100
new_potential_sp_0374,Sparse Area Point 0374,126003.42105263157,5123.0,100
new_potential_sp_0375,Sparse Area Point 0375,126003.42105263157,8987.947368421053,100
new_potential_sp_0376,Sparse Area Point 0376,126003.42105263157,12852.894736842105,100
new_potential_sp_0377,Sparse Area Point 0377,126003.42105263157,16717.842105263157,100
new_potential_sp_0378,Sparse Area Point 0378,126003.42105263157,20582.78947368421,100
new_potential_sp_0379,Sparse Area Point 0379,126003.42105263157,24447.736842105263,100
new_potential_sp_0380,Sparse Area Point 0380,126003.42105263157,28312.684210526313,100
new_potential_sp_0381,Sparse Area Point 0381,126003.42105263157,32177.631578947367,100
new_potential_sp_0382,Sparse Area Point 0382,126003.42105263157,36042.57894736842,100
new_potential_sp_0383,Sparse Area Point 0383,126003.42105263157,39907.52631578947,100
new_potential_sp_0384,Sparse Area Point 0384,126003.42105263157,43772.47368421053,100
new_potential_sp_0385,Sparse Area Point 0385,126003.42105263157,47637.42105263158,100
new_potential_sp_0386,Sparse Area Point 0386,126003.42105263157,51502.368421052626,100
new_potential_sp_0387,Sparse Area Point 0387,126003.42105263157,55367.31578947368,100
new_potential_sp_0388,Sparse Area Point 0388,126003.42105263157,59232.26315789473,100
new_potential_sp_0389,Sparse Area Point 0389,126003.42105263157,63097.21052631579,100
new_potential_sp_0390,Sparse Area Point 0390,126003.42105263157,66962.15789473684,100
new_potential_sp_0391,Sparse Area Point 0391,126003.42105263157,70827.1052631579,100
new_potential_sp_0392,Sparse Area Point 0392,126003.42105263157,74692.05263157895,100
new_potential_sp_0393,Sparse Area Point 0393,126003.42105263157,78557.0,100
new_potential_sp_0394,Sparse Area Point 0394,132503.0,5123.0,100
new_potential_sp_0395,Sparse Area Point 0395,132503.0,8987.947368421053,100
new_potential_sp_0396,Sparse Area Point 0396,132503.0,12852.894736842105,100
new_potential_sp_0397,Sparse Area Point 0397,132503.0,16717.842105263157,100
new_potential_sp_0398,Sparse Area Point 0398,132503.0,20582.78947368421,100
new_potential_sp_0399,Sparse Area Point 0399,132503.0,24447.736842105263,100
new_potential_sp_0400,Sparse Area Point 0400,132503.0,28312.684210526313,100
new_potential_sp_0401,Sparse Area Point 0401,132503.0,32177.631578947367,100
new_potential_sp_0402,Sparse Area Point 0402,132503.0,36042.57894736842,100
new_potential_sp_0403,Sparse Area Point 0403,132503.0,39907.52631578947,100
new_potential_sp_0404,Sparse Area Point 0404,132503.0,43772.47368421053,100
new_potential_sp_0405,Sparse Area Point 0405,132503.0,47637.42105263158,100
new_potential_sp_0406,Sparse Area Point 0406,132503.0,51502.368421052626,100
new_potential_sp_0407,Sparse Area Point 0407,132503.0,55367.31578947368,100
new_potential_sp_0408,Sparse Area Point 0408,132503.0,59232.26315789473,100
new_potential_sp_0409,Sparse Area Point 0409,132503.0,63097.21052631579,100
new_potential_sp_0410,Sparse Area Point 0410,132503.0,66962.15789473684,100
new_potential_sp_0411,Sparse Area Point 0411,132503.0,70827.1052631579,100
new_potential_sp_0412,Sparse Area Point 0412,132503.0,74692.05263157895,100
new_potential_sp_0413,Sparse Area Point 0413,132503.0,78557.0,100
